y,X_1,X_2,X_3,X_4,X_5,X_6,X_7,X_8,X_9,X_10,X_11,X_12,X_13,X_14,X_15,X_16
13.788092098171076,0.5367863370987994,1.0307018743808367,0.8142575932707505,0.0542014875887059,0.6550772102319948,-0.2511736175028851,0.9684318603309908,0.2126484940757792,-0.3074506708553796,0.7822463373757959,0.1771463389596584,-0.1417379272204457,0.0038006751538746,0.4271911577576466,2.4827237502986588,0.6895993512451328
24.774872677945943,-0.2329741136307947,0.2031075937057289,0.8177618170147958,0.0599108313167211,0.5837007837964363,-1.653056348923532,1.569826578061423,0.1806335677830513,1.7143165331920869,0.5078399297555466,1.287480396340437,-0.0130550604396639,-0.1175966354262085,0.4532431401337874,0.956440185090772,0.4302072557724095
19.99830743259949,0.0530404787029575,0.0126734497799516,0.8403543034466548,0.0958253838500168,0.5222949921861185,0.6908659414737991,0.3196017354360865,0.1915834277995312,1.6689302214016355,1.1767971191488025,0.0048720257150886,0.383554247936116,1.699310211710621,0.4097624016538657,-0.2627057498063845,0.8520922758143954
26.322951987155413,0.1238748099512733,-0.4492882666706753,0.6048622540232221,0.0387043215478996,0.1797284286748323,-0.4229245165708604,0.7467019050936622,0.1493183389936509,1.1978619029157231,1.2941192540719184,-0.5140825034895781,-0.2127722855255647,0.1691046088195611,0.5176607218064189,0.4240232794908389,1.1727320307261175
57.41508201589407,-0.0355229726702035,-0.0393655415192498,0.8991939175963619,5.190593667797616e-06,0.3811075314673893,-0.8290207858328316,1.587241305309567,0.1599030222731617,3.718071839687162,-0.1288647220303627,-0.1653806089395222,0.1708360559223872,2.3709528282592585,0.4950434458476268,1.8105646497772416,0.8568087890148776
32.89573969165167,-0.6258912302585513,1.963136023199718,0.6583762697128297,0.0440158114099705,0.4274415803423597,-0.1737166621709084,1.4284734137786606,0.1272281881377016,1.123972547315914,0.6932846483364256,1.0371766406656089,0.2631877250267956,1.0114330746183875,0.3916363462233013,1.9364862857793836,0.7738123763800344
3.473218213234498,0.1023010645025005,0.1532198733170136,0.6436190145799242,0.050408306400012,0.0852455887020116,0.1013054098545185,2.4858256800812466,0.2488369040785666,0.4025895486922838,-1.220742893901828,-0.2479608270943479,0.0477245738224776,-0.0346259440366957,0.4638972967714528,-0.2866347633097699,1.6848681516078543
46.08422987510209,0.569799736088181,1.5353913532214347,0.7037936821974601,0.0364937293947872,0.7021087730068689,-0.7552240089080069,0.2376372511332408,0.2539955466246802,0.2072120891880328,-0.7345531186407908,0.3756879106020204,0.3494748997008086,2.9231047630518,0.4153270807196909,2.092535904588362,1.5190458468151165
-10.7542046404253,0.2364658505125679,0.9541555107315542,0.8894563680004247,0.0052112077337003,-0.0154943776733769,-0.962157583091358,-0.1006077906368607,0.2179884659459642,0.7758127798480233,1.674928762057449,-0.5058693279212442,0.0432848040478861,-1.4532978382610475,0.3949745020846301,0.0510227345091661,0.8779979703175358
47.26951068549168,0.1373845196047299,0.277331797702261,0.6164913347244427,0.0177808202088389,0.6275299307626956,-0.5765518472606174,0.1769878189286295,0.1884273900537384,0.1258587715648961,0.1779980742799342,1.123341438766691,0.3866363199742301,1.2880266938329956,0.470988308633084,1.8398022927363145,0.7529037103832916
24.71689280329395,0.594818119264654,1.1486903884726956,0.5368671532738489,-0.0161747281332254,-0.7926499854880451,-0.1265821380097783,1.1647878402576222,0.165967206722152,0.4188408371251118,2.195495435768806,0.0629980144479447,0.3277872220226863,1.3631357290963872,0.4421340062303593,0.0433974196532503,1.594259544277844
19.329171179308112,0.2686252303154919,1.3528846183386234,0.8071499261031403,-0.0317305419765895,-0.0166347736889181,-1.3412440215268209,-0.2514226596309421,0.1579110823201354,1.4209260229016558,0.5414285761179626,0.5361423394385787,0.4935732851345561,-0.917151165271194,0.4295383122830943,1.5279774776056754,1.046357575153563
26.26746803985792,-0.2111958577030853,0.7753475735280453,0.6987807978909023,0.036269387144942,0.2951378708822437,-0.8095576445196166,1.7103955120486187,0.2774106923885708,1.1983454744753683,0.6383201731114251,0.6527688648214625,0.0815477029102967,1.8586611273090463,0.387483673164367,0.6632289437297493,0.3652693547410155
32.699049204832114,0.1769302713808708,-0.6793737147211522,0.5697468884064544,0.0373458745046567,-0.3398222762085503,-0.5959669773400448,-0.1121711075532914,0.2391495716855642,-0.165711574030945,1.7220683127118517,0.0443141366879497,-0.3288274825139247,0.4069069151768476,0.4278016793339148,0.28438221788861,0.817131142452416
35.83405792664293,0.5578566412642373,0.1751413868835387,0.7459341789729259,-0.0013603755464832,1.2690375333652102,-0.8279736607388124,0.3587550268242443,0.21416303056614,0.9712115542007586,0.8643857596543527,1.3516991903659985,0.0405631068166704,0.1555683704781434,0.4378551468397683,1.9982792624176997,0.9755946744388518
-13.354839423636124,-0.0413518821562199,1.281363460751605,1.0774176176164163,0.0034816070885752,0.648799611338756,-0.4137571708737007,1.4927894616292332,0.2092009227273893,0.9166833835578484,0.1032171442287258,0.7126377929241919,0.2661561166290823,-2.010593565286279,0.3644013102373541,1.1760727538109652,0.8420253079559081
2.0741376868195203,0.5209958294596956,-0.1805214643149306,0.7210608060685928,-0.0058892530607073,1.12078588031029,0.7918631668538121,0.5290434349509763,0.1972833512860392,0.7571547466155116,-0.0606030247585361,0.2118681876549125,-0.3329010435488568,0.8383955890437716,0.4105544682884043,-0.0786938936598838,1.0673256768412045
-12.46087364998334,0.2045837257311057,1.4220122535816373,0.8635536623082027,0.0094738087655276,-0.0122974130592666,0.6467738834628312,0.910158909733305,0.2110836632201723,-0.8305927883402872,0.8001665652857595,0.4744602885646555,-0.0058284358034331,0.0111401942120838,0.4281389926365811,0.087720514535028,0.8634203672596813
45.41374112516933,0.019099381677832,0.5058815978166222,0.6910412753381452,0.0596819111967172,-0.3440092393274137,0.3007180124324816,1.6711719478177045,0.2135623083695848,0.5479926968403249,0.3789935703240131,1.7001579407720584,0.3746018781588419,0.5198252791087152,0.443510861309682,2.137104396932255,0.9606552350913662
63.454988553014886,-0.3549829933803723,0.2423336575023862,0.6569810479361874,0.0093026107549588,1.6697280580678728,-1.1148603912710295,0.5327514501504615,0.1841101948059336,-0.3225266232655536,-0.7313251047297693,1.6061213972902932,0.397559853059586,0.4549508462158496,0.4197954105259172,2.818773797444066,1.415888315761292
28.08379491682933,0.3169953193377846,0.5074033301699539,0.8803510224927027,0.0568463671896349,-0.5002824096656096,-0.4065433426597195,-0.3320263343720377,0.1941180462074502,1.30806276443484,1.2920445847073647,0.8150322924379572,0.5295091605683094,-0.7400501053569648,0.3848954197068632,1.262772701200217,1.008607963232362
37.048394317151846,0.2550616823038397,-0.4126707556057273,0.5372942771687613,0.0339334755390586,-1.364361538934804,0.8690814573303534,0.2629527635576747,0.1463699548288428,1.36528458371267,1.3430089066978017,0.5969570095012829,-0.0891948398293784,-0.6280605782314012,0.3857232535856624,1.0009856095933496,1.0738392884844234
42.86499156505198,-0.1335658051822126,0.2407506262048453,0.5134622998742365,0.0691314300987227,-0.0085892929822479,-1.0397583210627963,0.2461696092745104,0.2508535657107786,1.6447952746657126,1.943586228281865,0.0124020886257281,0.1977251623354119,-0.3792987051201869,0.4951758723599787,0.7264301388664507,1.5296385684668092
1.4086342831446084,-0.5283669058401008,1.7907636863794667,0.7728664701799832,0.0747193022893157,-0.4625265558024848,1.6734759709549047,0.7825871712188662,0.1934258650866975,0.1660979287401608,1.9309555558144265,0.4926201983527011,0.0335574121995689,-1.2368716919530909,0.4346627897993291,1.7235580664608952,0.3546418564639852
-1.955026210696599,-0.0057380507579789,1.110476072391971,0.8083725197730618,0.0070138744813737,0.5294998465601336,-0.8016240207427996,-0.3138281695595297,0.1916406880194021,1.6244447433975469,0.0824489459611321,0.0921970644829561,0.5270240338343393,0.1806334272717584,0.4603041267582027,-0.9647577272904904,1.1578156295986723
15.169344977617344,0.3192990855423163,1.3030497035696524,0.6955002238364743,0.0422373822497513,0.4472041607829084,-0.6279469293199582,1.2818178656299704,0.1400443159455943,-0.3284058217360671,2.261902611783658,0.9767288601927824,-0.0998131224282102,0.34720453923739,0.4261525252727313,1.6146402378795006,0.4589028046446028
40.77288022653882,-0.1595061511936591,0.1496807381741031,0.6808291797545521,0.0834589245122813,-1.6262863241918428,0.9511019934732864,1.100603182664559,0.2586512346255875,2.091254591074845,0.8605940277233866,0.5978430890309362,0.07737747054414,0.1126984175330386,0.4084487490198696,1.167001421766484,0.9615407534028804
28.86359571058513,-0.4373431092604923,0.7715365965802332,0.6775106549392765,0.0425999428529031,0.2815763154204018,0.3644616618893784,-0.3115503622740163,0.2004553495755758,1.4105464351335455,0.6525700378619339,0.8135690362390411,0.4449078976523736,0.4025986407742943,0.4493157629748348,0.5888447902158789,0.8799940584195634
32.16899584407059,0.3384303966964811,0.3568042136687593,0.846763530191707,0.1000471177571987,-0.5948689656808618,0.6752860230693786,0.0309430629655443,0.2259217531256807,0.1322400197453457,0.6236454747990953,0.6132407367407409,-0.2182717806795873,1.9677171774522395,0.4984717319844214,0.5387672610838181,1.1048862210907922
44.382604589029306,-0.1793610197976225,0.0065489306084425,0.6954882425886709,0.0653723252973157,-0.3747186336245561,0.39286364530403,0.6566740110725854,0.2443187886007843,1.276034821066691,1.5338053866488903,0.6306220511936473,0.1467065117008958,0.4328237297393189,0.5065307269928474,1.254439401929638,0.9473444004463132
40.30549932558797,0.0562721342322104,-0.1008054597806282,0.6819597639710034,0.022704925027537,0.4560702201367936,-0.0769846172306101,-0.2417580187498886,0.2062002408741421,0.855929471825656,1.4436490883059911,-0.1015800344197478,0.2095763071141708,0.2986355557749804,0.469764266985658,1.5617991439795864,0.7695486098250203
9.761889909691314,-0.1143273787423229,0.9536804622223798,0.7547180266787444,0.0505506504480175,0.1927406727872141,-0.1509923454242318,-0.1886652723320157,0.1754479132512486,1.4527064141269568,1.0251188441165744,0.1252939801172211,0.2702312824530928,0.933403412390454,0.4975248223577217,-0.2090652363838854,0.647310645499583
30.828750453079877,0.1635699681405569,-0.959138953089452,0.7799386928984049,0.017577211889645,1.05556195267648,0.0179473255494473,0.6923355059441978,0.2816120508583845,1.3875548324866922,1.4306879730980118,-0.0041467382703052,0.1128459788798793,0.5046296777305023,0.4512550512503548,0.7374171569729014,0.846779617431027
16.69359912456134,0.0197386006267757,1.2115669202228667,0.5029882784799886,0.0782605114787496,0.1811859444545062,0.9607286431483232,1.070796041129619,0.1454696218843251,0.7823797433599634,0.455842118401098,1.362885063559894,0.5709175133994983,1.9980323720352569,0.4587119182479593,-0.0866573571415519,0.8593761792999959
19.281868724941813,-0.3943103954643744,-0.006319721390652,0.8611263710981464,0.0531923588430373,-0.398924490209535,0.3853689449654872,1.448074607475389,0.1731336398851936,-0.6626806477844561,0.6208709709234814,0.9297850904020926,0.4123775418347962,-0.0552337303723727,0.4298205130397274,-0.0384462356716847,0.7911011120802535
26.36270500496429,0.0780760930263383,-0.1109819679033345,0.7676538195624921,0.0439066477494862,0.519328059241747,-0.5944255405349406,2.0607191815191155,0.138107420851797,-0.2667531150697119,-0.5711325326883585,0.7072397783880285,0.0951873688202591,-1.5523264601741835,0.4073065362725148,3.2411625390699674,0.4140533548227263
4.968427036253935,0.2129864406433059,0.2569056908486713,0.7114750451454108,-0.0151402648045016,0.3554664421449893,1.1091500584344995,-0.2854664827972011,0.1069030735392064,0.7851116140992176,0.9841850587005332,-0.0218276303757782,-0.1416513152972316,-0.3993207537776642,0.4000799797497678,1.2693832242581833,0.1837041601810809
-4.429896345322531,-0.0456557687837501,1.4526075410299335,0.5768582796264837,0.0275704985193633,0.0240613009814749,0.1720888593711632,1.2414066153769665,0.2532826752151522,0.5890998310507962,-0.0220301076493212,0.492215424926329,0.4943678040728737,-0.7320473300881343,0.4587542105796511,0.6947468157051672,0.6055583356336915
-28.127080676881995,0.0108029898509523,0.2987791255153346,0.6234843637563224,0.0818605346968978,0.873730131859204,-0.223216412207804,0.6555966677078178,0.2462970753797566,0.6854359269333065,0.6282752432422218,-1.0786425407437812,-0.0303485090122522,-1.4523707081649455,0.4805801927470778,-0.6475747171600428,0.4587448467920862
47.89540850042118,0.0815267118114148,1.2493007684878472,0.6151568946306292,0.033500037681023,0.7341649229712721,0.4135604770477722,0.580337511555726,0.1302551203418875,1.9369966941618983,0.5635288462704331,1.3186337504805297,0.2475420882817635,-0.1985279426873813,0.4220892391607651,2.731639160423338,1.8006614832237484
65.20988978259953,-0.1577412552683564,-0.7591505027562439,0.8356673378744982,0.1118321805335417,-0.1165424006215095,0.3699689498874599,0.8353092917642144,0.1660247066698865,2.1884721146585657,1.361271685728236,0.3240624616972281,0.0685387529381318,-0.1125290321769846,0.4390700473943851,2.106436685498532,1.5095036106618605
-31.40493015361032,0.2153029081182433,1.890480124447396,0.6916860992868783,0.084736767186705,0.6397980065069703,-0.0836487415561136,0.5149715502234801,0.1455728952151782,-1.4738651563731002,-0.2680377503633913,1.7454671506060242,0.2293659416500388,-0.1029780805739006,0.3461543009633069,-0.7851334040418603,0.5847099156777633
46.19143760152103,0.3543131747227245,0.2378337687965092,0.7192168845085464,0.0588077262996123,1.120227930935124,1.0780677756812571,0.6688351705830575,0.2145702552574634,0.897110937802925,-0.2610457878722032,-0.3313242081236396,0.2939884556759575,0.948566710748216,0.4263251076135164,3.1579498395245045,1.3924230217970122
17.435243798228086,0.4201843177977968,0.5248310444331207,0.5231543353379144,0.0243186903720985,-0.0987720671656914,-1.9075739368539344,1.2156020343413112,0.1409000572344018,-1.5838636734414746,1.4046064916239729,0.3401149476110422,0.2803855616096916,-1.193827767568408,0.5208688010316975,0.3653350129456389,1.354515661579314
37.54449038082099,-0.1586462028763152,0.684945376413082,0.9039390505425248,0.0065000006068532,0.0462678660174029,-0.6726168847207454,1.496463492239413,0.2373972766157889,0.1480676417621083,1.0554561909207898,0.6547581045298916,0.4395677377893214,1.1054497653451785,0.4393460022792352,1.3757873190312773,0.8606953813497218
-8.205766027583124,0.0432076276399461,1.331553103222192,0.6998434380889637,0.0424179742696144,-0.2270127052471208,1.465575732697265,0.5221604703608989,0.1637887478796993,-0.1508696549903143,0.8517739532454258,-0.306907439885848,0.15493307349168,-0.2189370237035126,0.435981615588037,0.3313757990868963,1.0689499384846617
27.74914794882748,0.5447536731500662,0.1868429274233661,0.6181777334611938,0.0760177674571959,0.1681418327266918,-0.1754721154145678,0.5469635413067628,0.2251031600479847,0.8692997879072631,0.2384983145512855,0.6403740424651309,0.3591281664181506,0.3657767706317852,0.4134979509178415,1.6631215331420317,0.5714588241428384
-8.773142442051814,0.1546410713096506,1.199399035369501,0.6742364261873625,0.0267862811228702,-0.0803312832599734,0.2728241843246238,0.3768972002613675,0.0606083999806744,0.9017057530264824,0.0309617786874756,0.8614922310502668,0.104800051233555,0.3303939362160846,0.4142829509234529,-0.3251761839160461,0.5116681295949248
25.35561805316315,-0.0538259924668566,0.9727449866706196,0.7115298829539631,0.0125048503647378,0.1896146347611573,0.1620919289315594,0.895089534915961,0.0999617891965827,0.9985822933394498,0.6045267057078146,-0.1459966569804326,0.857596787574742,0.3730852250191135,0.5243950511678779,1.7829984450292675,0.5603770792041345
6.804595275685854,-0.3575549593124761,0.5986703496307356,0.5462897918925111,0.0211008446897632,-0.2362256072605759,0.8785745668537549,2.0798846836518576,0.1938314316865311,0.2936441409446539,-0.3479705892123317,0.1063159651692445,0.1461433475550664,-0.2840571872656099,0.4222899153283991,0.3254636713420182,1.0900448059033818
